filename,label
ldpose_test/Amputation_0002.jpg,0
ldpose_test/Amputation_0024.jpg,0
ldpose_test/Amputation_0028.jpg,2
ldpose_test/Amputation_0043.jpg,0
ldpose_test/Amputation_0047.jpg,2
ldpose_test/Amputation_0048.jpg,0
ldpose_test/Amputation_0050.jpg,0
ldpose_test/Amputation_0056.jpg,0
ldpose_test/Amputation_0063.jpg,2
ldpose_test/Amputation_0064.jpg,2
ldpose_test/Amputation_0066.jpg,2
ldpose_test/Amputation_0068.jpg,2
ldpose_test/Amputation_0071.jpg,2
ldpose_test/Amputation_0072.jpg,2
ldpose_test/Amputation_0078.jpg,0
ldpose_test/Amputation_0080.jpg,2
ldpose_test/Amputation_0083.jpg,0
ldpose_test/Amputation_0099.jpg,0
ldpose_test/Amputation_0110.jpg,2
ldpose_test/Amputation_0111.jpg,2
ldpose_test/Amputation_0113.jpg,0
ldpose_test/Amputation_0117.jpg,0
ldpose_test/Amputation_0127.jpg,2
ldpose_test/Amputation_0130.jpg,2
ldpose_test/Amputation_0144.jpg,0
ldpose_test/Amputation_0148.jpg,0
ldpose_test/Amputation_0161.jpg,2
ldpose_test/Amputation_0165.jpg,2
ldpose_test/Amputation_0169.jpg,2
ldpose_test/Amputation_0170.jpg,2
ldpose_test/Amputation_0172.jpg,0
ldpose_test/Amputation_0173.jpg,0
ldpose_test/Amputation_0174.jpg,0
ldpose_test/Amputation_0179.jpg,2
ldpose_test/Amputation_0186.jpg,1
ldpose_test/Amputation_0189.jpg,2
ldpose_test/Amputation_0190.jpg,0
ldpose_test/Amputation_0209.jpg,0
ldpose_test/Amputation_0213.jpg,2
ldpose_test/Amputation_0217.jpg,1
ldpose_test/Amputation_0218.jpg,0
ldpose_test/Amputation_0220.jpg,2
ldpose_test/Amputation_0223.jpg,0
ldpose_test/Amputation_0227.jpg,1
ldpose_test/Amputation_0230.jpg,1
ldpose_test/Amputation_0232.jpg,0
ldpose_test/Amputation_0234.jpg,1
ldpose_test/Amputation_0241.jpg,1
ldpose_test/Amputation_0246.jpg,1
ldpose_test/Amputation_0257.jpg,0
ldpose_test/Amputation_0263.jpg,0
ldpose_test/Amputation_0275.jpg,0
ldpose_test/Amputation_0281.jpg,1
ldpose_test/Amputation_0286.jpg,1
ldpose_test/Amputation_0287.jpg,2
ldpose_test/Amputation_0298.jpg,1
ldpose_test/Amputation_0299.jpg,2
ldpose_test/Amputation_0310.jpg,2
ldpose_test/Amputation_0312.jpg,1
ldpose_test/Amputation_0318.jpg,1
ldpose_test/Amputation_0330.jpg,1
ldpose_test/Amputation_0331.jpg,1
ldpose_test/Amputation_0341.jpg,2
ldpose_test/Amputation_0344.jpg,1
ldpose_test/Amputation_0349.jpg,1
ldpose_test/Amputation_0354.jpg,0
ldpose_test/Amputation_0356.jpg,2
ldpose_test/Amputation_0357.jpg,1
ldpose_test/Amputation_0365.jpg,2
ldpose_test/Amputation_0382.jpg,2
ldpose_test/Amputation_0384.jpg,0
ldpose_test/Amputation_0386.jpg,1
ldpose_test/Amputation_0451.jpg,0
ldpose_test/Amputee_0003.jpg,2
ldpose_test/Amputee_0004.jpg,0
ldpose_test/Amputee_0005.jpg,2
ldpose_test/Amputee_0007.jpg,0
ldpose_test/Amputee_0008.jpg,0
ldpose_test/Amputee_0009.jpg,0
ldpose_test/Amputee_0010.jpg,0
ldpose_test/Amputee_0012.jpg,0
ldpose_test/Amputee_0013.jpg,0
ldpose_test/Amputee_0015.jpg,2
ldpose_test/Amputee_0016.jpg,0
ldpose_test/Amputee_0017.jpg,0
ldpose_test/Amputee_0018.jpg,0
ldpose_test/Amputee_0019.jpg,2
ldpose_test/Amputee_0020.jpg,0
ldpose_test/Amputee_0023.jpg,1
ldpose_test/Amputee_0025.jpg,2
ldpose_test/Amputee_0026.jpg,0
ldpose_test/Amputee_0027.jpg,2
ldpose_test/Amputee_0029.jpg,0
ldpose_test/Amputee_0030.jpg,2
ldpose_test/Amputee_0034.jpg,2
ldpose_test/Amputee_0037.jpg,1
ldpose_test/Amputee_0038.jpg,2
ldpose_test/Amputee_0039.jpg,2
ldpose_test/Amputee_0040.jpg,1
ldpose_test/Amputee_0044.jpg,0
ldpose_test/Amputee_0045.jpg,1
ldpose_test/Amputee_0047.jpg,2
ldpose_test/Amputee_0048.jpg,0
ldpose_test/Amputee_0051.jpg,2
ldpose_test/Amputee_0052.jpg,2
ldpose_test/Amputee_0054.jpg,0
ldpose_test/Amputee_0055.jpg,2
ldpose_test/Amputee_0056.jpg,1
ldpose_test/Amputee_0057.jpg,1
ldpose_test/Amputee_0058.jpg,2
ldpose_test/Amputee_0059.jpg,0
ldpose_test/Amputee_0060.jpg,2
ldpose_test/Amputee_0061.jpg,2
ldpose_test/Amputee_0062.jpg,1
ldpose_test/Amputee_0063.jpg,2
ldpose_test/Amputee_0064.jpg,2
ldpose_test/Amputee_0067.jpg,2
ldpose_test/Amputee_0070.jpg,0
ldpose_test/Amputee_0072.jpg,2
ldpose_test/Amputee_0073.jpg,1
ldpose_test/Amputee_0076.jpg,1
ldpose_test/Amputee_0078.jpg,0
ldpose_test/Amputee_0080.jpg,2
ldpose_test/Amputee_0081.jpg,1
ldpose_test/Amputee_0082.jpg,0
ldpose_test/Amputee_0084.jpg,2
ldpose_test/Amputee_0085.jpg,2
ldpose_test/Amputee_0086.jpg,1
ldpose_test/Amputee_0089.jpg,1
ldpose_test/Amputee_0090.jpg,0
ldpose_test/Amputee_0091.jpg,0
ldpose_test/Amputee_0093.jpg,1
ldpose_test/Amputee_0094.jpg,1
ldpose_test/Amputee_0095.jpg,0
ldpose_test/Amputee_0099.jpg,2
ldpose_test/Amputee_0100.jpg,2
ldpose_test/Amputee_0101.jpg,0
ldpose_test/Amputee_0102.jpg,1
ldpose_test/Amputee_0103.jpg,0
ldpose_test/Amputee_0106.jpg,1
ldpose_test/Amputee_0107.jpg,0
ldpose_test/Amputee_0108.jpg,1
ldpose_test/Amputee_0109.jpg,0
ldpose_test/Amputee_0110.jpg,1
ldpose_test/Amputee_0113.jpg,2
ldpose_test/Amputee_0114.jpg,0
ldpose_test/Amputee_0115.jpg,2
ldpose_test/Amputee_0116.jpg,0
ldpose_test/Amputee_0117.jpg,2
ldpose_test/Amputee_0119.jpg,0
ldpose_test/Amputee_0124.jpg,0
ldpose_test/Amputee_0125.jpg,0
ldpose_test/Amputee_0126.jpg,0
ldpose_test/Amputee_0128.jpg,0
ldpose_test/Amputee_0129.jpg,1
ldpose_test/Amputee_0132.jpg,2
ldpose_test/Amputee_0133.jpg,2
ldpose_test/Amputee_0135.jpg,1
ldpose_test/Amputee_0136.jpg,2
ldpose_test/Amputee_0139.jpg,1
ldpose_test/Amputee_0140.jpg,2
ldpose_test/Amputee_0141.jpg,2
ldpose_test/Amputee_0142.jpg,0
ldpose_test/Amputee_0143.jpg,0
ldpose_test/Amputee_0146.jpg,0
ldpose_test/Amputee_0147.jpg,0
ldpose_test/Amputee_0149.jpg,0
ldpose_test/Amputee_0156.jpg,2
ldpose_test/Amputee_0158.jpg,0
ldpose_test/Amputee_0159.jpg,2
ldpose_test/Amputee_0161.jpg,0
ldpose_test/Amputee_0162.jpg,0
ldpose_test/Amputee_0163.jpg,1
ldpose_test/Amputee_0164.jpg,0
ldpose_test/Amputee_0165.jpg,1
ldpose_test/Amputee_0167.jpg,2
ldpose_test/Amputee_0168.jpg,2
ldpose_test/Amputee_0169.jpg,2
ldpose_test/Amputee_0170.jpg,0
ldpose_test/Amputee_0172.jpg,0
ldpose_test/Amputee_0173.jpg,2
ldpose_test/Amputee_0176.jpg,0
ldpose_test/Amputee_0177.jpg,2
ldpose_test/Amputee_0178.jpg,2
ldpose_test/Amputee_0179.jpg,2
ldpose_test/Amputee_0181.jpg,0
ldpose_test/Amputee_0185.jpg,0
ldpose_test/Amputee_0187.jpg,0
ldpose_test/Amputee_0188.jpg,0
ldpose_test/Amputee_0190.jpg,0
ldpose_test/Amputee_0191.jpg,0
ldpose_test/Amputee_0193.jpg,0
ldpose_test/Amputee_0194.jpg,1
ldpose_test/Amputee_0195.jpg,0
ldpose_test/Amputee_0198.jpg,0
ldpose_test/Amputee_0200.jpg,0
ldpose_test/Amputee_0201.jpg,2
ldpose_test/Amputee_0204.jpg,0
ldpose_test/Amputee_0205.jpg,0
ldpose_test/Amputee_0206.jpg,1
ldpose_test/Amputee_0208.jpg,0
ldpose_test/Amputee_0210.jpg,2
ldpose_test/Amputee_0212.jpg,2
ldpose_test/Amputee_0215.jpg,2
ldpose_test/Amputee_0218.jpg,2
ldpose_test/Amputee_0219.jpg,2
ldpose_test/Amputee_0220.jpg,0
ldpose_test/Amputee_0221.jpg,1
ldpose_test/Amputee_0222.jpg,0
ldpose_test/Amputee_0223.jpg,2
ldpose_test/Amputee_0224.jpg,1
ldpose_test/Amputee_0225.jpg,2
ldpose_test/Amputee_0227.jpg,1
ldpose_test/Amputee_0228.jpg,2
ldpose_test/Amputee_0230.jpg,2
ldpose_test/Amputee_0232.jpg,0
ldpose_test/Amputee_0237.jpg,1
ldpose_test/Amputee_0238.jpg,1
ldpose_test/Amputee_0242.jpg,2
ldpose_test/Amputee_0244.jpg,0
ldpose_test/Amputee_0247.jpg,0
ldpose_test/Amputee_0248.jpg,2
ldpose_test/Amputee_0251.jpg,0
ldpose_test/Amputee_0253.jpg,1
ldpose_test/Amputee_0254.jpg,0
ldpose_test/Amputee_0256.jpg,0
ldpose_test/Amputee_0258.jpg,2
ldpose_test/Amputee_0259.jpg,0
ldpose_test/Amputee_0261.jpg,1
ldpose_test/Amputee_0266.jpg,2
ldpose_test/Amputee_0268.jpg,0
ldpose_test/Amputee_0269.jpg,2
ldpose_test/Amputee_0270.jpg,2
ldpose_test/Amputee_0271.jpg,0
ldpose_test/Amputee_0272.jpg,0
ldpose_test/Amputee_0273.jpg,1
ldpose_test/Amputee_0276.jpg,2
ldpose_test/Amputee_0277.jpg,0
ldpose_test/Amputee_0280.jpg,0
ldpose_test/Amputee_0282.jpg,0
ldpose_test/Amputee_0285.jpg,1
ldpose_test/Amputee_0286.jpg,0
ldpose_test/Amputee_0288.jpg,2
ldpose_test/Amputee_0289.jpg,0
ldpose_test/Amputee_0291.jpg,0
ldpose_test/Amputee_0294.jpg,2
ldpose_test/Amputee_0295.jpg,0
ldpose_test/Amputee_0296.jpg,2
ldpose_test/Amputee_0297.jpg,2
ldpose_test/Amputee_0298.jpg,2
ldpose_test/Amputee_0300.jpg,1
ldpose_test/Amputee_0307.jpg,1
ldpose_test/Amputee_0308.jpg,0
ldpose_test/Amputee_0310.jpg,0
ldpose_test/Amputee_0313.jpg,0
ldpose_test/Amputee_0314.jpg,2
ldpose_test/Amputee_0316.jpg,0
ldpose_test/Amputee_0318.jpg,0
ldpose_test/Amputee_0319.jpg,2
ldpose_test/Amputee_0322.jpg,0
ldpose_test/Amputee_0326.jpg,0
ldpose_test/Amputee_0329.jpg,2
ldpose_test/Amputee_0332.jpg,1
ldpose_test/Amputee_0334.jpg,2
ldpose_test/Amputee_0337.jpg,2
ldpose_test/Amputee_0340.jpg,2
ldpose_test/Amputee_0342.jpg,1
ldpose_test/Amputee_0344.jpg,0
ldpose_test/Amputee_0345.jpg,0
ldpose_test/Amputee_0346.jpg,0
ldpose_test/Amputee_0350.jpg,0
ldpose_test/Amputee_0354.jpg,2
ldpose_test/Amputee_0355.jpg,2
ldpose_test/Amputee_0356.jpg,1
ldpose_test/Amputee_0363.jpg,0
ldpose_test/Amputee_0366.jpg,2
ldpose_test/Amputee_0372.jpg,0
ldpose_test/Amputee_0379.jpg,2
ldpose_test/Amputee_0383.jpg,1
ldpose_test/Amputee_0385.jpg,0
ldpose_test/Amputee_0388.jpg,0
ldpose_test/Amputee_0390.jpg,2
ldpose_test/Amputee_0391.jpg,0
ldpose_test/Amputee_0393.jpg,0
ldpose_test/Amputee_0394.jpg,0
ldpose_test/Amputee_0395.jpg,0
ldpose_test/Amputee_0399.jpg,2
ldpose_test/Amputee_0400.jpg,0
ldpose_test/Amputee_0405.jpg,2
ldpose_test/Amputee_0414.jpg,2
ldpose_test/Amputee_0415.jpg,2
ldpose_test/Amputee_0418.jpg,1
ldpose_test/Amputee_0422.jpg,2
ldpose_test/Amputee_0423.jpg,0
ldpose_test/Amputee_0429.jpg,2
ldpose_test/Amputee_0430.jpg,0
ldpose_test/Amputee_0431.jpg,0
ldpose_test/Amputee_0434.jpg,2
ldpose_test/Amputee_0436.jpg,2
ldpose_test/Amputee_0448.jpg,0
ldpose_test/Amputee_0451.jpg,0
ldpose_test/Amputee_0455.jpg,2
ldpose_test/Amputee_0457.jpg,0
ldpose_test/Amputee_0458.jpg,2
ldpose_test/Amputee_0461.jpg,2
ldpose_test/Amputee_0464.jpg,0
ldpose_test/Amputee_0467.jpg,0
ldpose_test/Amputee_0469.jpg,2
ldpose_test/Amputee_0471.jpg,0
ldpose_test/Amputee_0474.jpg,0
ldpose_test/Amputee_0475.jpg,0
ldpose_test/Amputee_0480.jpg,2
ldpose_test/Amputee_0487.jpg,0
ldpose_test/Amputee_0490.jpg,0
ldpose_test/Amputee_0492.jpg,1
ldpose_test/Amputee_0498.jpg,0
ldpose_test/Amputee_0522.jpg,0
ldpose_test/Amputee_0525.jpg,0
ldpose_test/Amputee_0527.jpg,0
ldpose_test/Amputee_0531.jpg,0
ldpose_test/Amputee_0539.jpg,1
ldpose_test/Amputee_0541.jpg,2
ldpose_test/Amputee_0560.jpg,2
ldpose_test/Amputee_0564.jpg,1
ldpose_test/Amputee_0567.jpg,1
ldpose_test/Amputee_0582.jpg,0
ldpose_test/Amputee_0584.jpg,0
ldpose_test/Amputee_0595.jpg,0
ldpose_test/ParaAthelet.jpg,2
ldpose_test/ParaAthelet1.jpg,0
ldpose_test/ParaAthelet10.jpg,0
ldpose_test/ParaAthelet11.jpg,1
ldpose_test/ParaAthelet13.jpg,2
ldpose_test/ParaAthelet14.jpg,2
ldpose_test/ParaAthelet15.jpg,2
ldpose_test/ParaAthelet16.jpg,2
ldpose_test/ParaAthelet17.jpg,2
ldpose_test/ParaAthelet18.jpg,2
ldpose_test/ParaAthelet19.jpg,1
ldpose_test/ParaAthelet2.jpg,2
ldpose_test/ParaAthelet20.jpg,0
ldpose_test/ParaAthelet21.jpg,0
ldpose_test/ParaAthelet22.jpg,0
ldpose_test/ParaAthelet23.jpg,0
ldpose_test/ParaAthelet24.jpg,2
ldpose_test/ParaAthelet25.jpg,0
ldpose_test/ParaAthelet26.jpg,2
ldpose_test/ParaAthelet27.jpg,0
ldpose_test/ParaAthelet28.jpg,2
ldpose_test/ParaAthelet29.jpg,1
ldpose_test/ParaAthelet3.jpg,0
ldpose_test/ParaAthelet30.jpg,2
ldpose_test/ParaAthelet31.jpg,2
ldpose_test/ParaAthelet32.jpg,0
ldpose_test/ParaAthelet33.jpg,2
ldpose_test/ParaAthelet34.jpg,2
ldpose_test/ParaAthelet35.jpg,2
ldpose_test/ParaAthelet37.jpg,1
ldpose_test/ParaAthelet38.jpg,2
ldpose_test/ParaAthelet39.jpg,2
ldpose_test/ParaAthelet4.jpg,0
ldpose_test/ParaAthelet40.jpg,2
ldpose_test/ParaAthelet41.jpg,0
ldpose_test/ParaAthelet42.jpg,0
ldpose_test/ParaAthelet43.jpg,2
ldpose_test/ParaAthelet44.jpg,2
ldpose_test/ParaAthelet45.jpg,0
ldpose_test/ParaAthelet46.jpg,2
ldpose_test/ParaAthelet47.jpg,2
ldpose_test/ParaAthelet48.jpg,2
ldpose_test/ParaAthelet49.jpg,2
ldpose_test/ParaAthelet5.jpg,0
ldpose_test/ParaAthelet50.jpg,2
ldpose_test/ParaAthelet6.jpg,0
ldpose_test/ParaAthelet7.jpg,0
ldpose_test/ParaAthelet8.jpg,0
ldpose_test/ParaAthelet9.jpg,0
ldpose_test/Paralympic athlete_0005.jpg,2
ldpose_test/Paralympic athlete_0009.jpg,2
ldpose_test/Paralympic athlete_0014.jpg,2
ldpose_test/Paralympic athlete_0015.jpg,2
ldpose_test/Paralympic athlete_0023.jpg,2
ldpose_test/Paralympic athlete_0039.jpg,2
ldpose_test/Paralympic athlete_0046.jpg,2
ldpose_test/Paralympic athlete_0051.jpg,2
ldpose_test/Paralympic athlete_0058.jpg,2
ldpose_test/Paralympic athlete_0062.jpg,2
ldpose_test/Paralympic athlete_0063.jpg,0
ldpose_test/Paralympic athlete_0066.jpg,1
ldpose_test/Paralympic athlete_0067.jpg,2
ldpose_test/Paralympic athlete_0068.jpg,0
ldpose_test/Paralympic athlete_0076.jpg,2
ldpose_test/Paralympic athlete_0077.jpg,2
ldpose_test/Paralympic athlete_0081.jpg,2
ldpose_test/Paralympic athlete_0087.jpg,2
ldpose_test/Paralympic athlete_0088.jpg,2
ldpose_test/Paralympic athlete_0089.jpg,2
ldpose_test/Paralympic athlete_0090.jpg,0
ldpose_test/Paralympic athlete_0116.jpg,2
ldpose_test/Paralympic athlete_0117.jpg,0
ldpose_test/Paralympic athlete_0119.jpg,2
ldpose_test/Paralympic athlete_0120.jpg,2
ldpose_test/Paralympic athlete_0121.jpg,2
ldpose_test/Paralympic athlete_0138.jpg,1
ldpose_test/Paralympic athlete_0140.jpg,2
ldpose_test/Paralympic athlete_0142.jpg,2
ldpose_test/Paralympic athlete_0144.jpg,2
ldpose_test/Paralympic athlete_0145.jpg,2
ldpose_test/Paralympic athlete_0157.jpg,2
ldpose_test/Paralympic athlete_0159.jpg,2
ldpose_test/Paralympic athlete_0162.jpg,2
ldpose_test/Paralympic athlete_0164.jpg,2
ldpose_test/Paralympic athlete_0169.jpg,0
ldpose_test/Paralympic athlete_0172.jpg,2
ldpose_test/Paralympic athlete_0176.jpg,2
ldpose_test/Paralympic athlete_0177.jpg,2
ldpose_test/Paralympic athlete_0179.jpg,2
ldpose_test/Paralympic athlete_0184.jpg,2
ldpose_test/Paralympic athlete_0185.jpg,2
ldpose_test/Paralympic athlete_0188.jpg,2
ldpose_test/Paralympic athlete_0209.jpg,2
ldpose_test/Paralympic athlete_0211.jpg,2
ldpose_test/Paralympic athlete_0220.jpg,2
ldpose_test/Paralympic athlete_0223.jpg,2
ldpose_test/Paralympic athlete_0234.jpg,2
ldpose_test/Paralympic athlete_0253.jpg,0
ldpose_test/Paralympic athlete_0266.jpg,2
ldpose_test/Paralympic athlete_0268.jpg,2
ldpose_test/Paralympic athlete_0270.jpg,2
ldpose_test/Paralympic athlete_0274.jpg,2
ldpose_test/Paralympic athlete_0283.jpg,2
ldpose_test/Paralympic athlete_0285.jpg,1
ldpose_test/Paralympic athlete_0292.jpg,2
ldpose_test/Paralympic athlete_0295.jpg,0
ldpose_test/Paralympic athlete_0296.jpg,2
ldpose_test/Paralympic athlete_0301.jpg,2
ldpose_test/Paralympic athlete_0314.jpg,2
ldpose_test/Paralympic athlete_0338.jpg,2
ldpose_test/Paralympic athlete_0352.jpg,2
ldpose_test/Paralympic athlete_0373.jpg,2
ldpose_test/Paralympic athlete_0387.jpg,2
ldpose_test/Paralympic athlete_0391.jpg,2
ldpose_test/Paralympic athlete_0404.jpg,2
ldpose_test/Paralympic athlete_0412.jpg,0
ldpose_test/Paralympic athlete_0426.jpg,2
ldpose_test/Paralympic athlete_0434.jpg,2
ldpose_test/Paralympic athlete_0435.jpg,2
ldpose_test/Paralympic athlete_0438.jpg,2
ldpose_test/Paralympic athlete_0452.jpg,2
ldpose_test/Paralympic athlete_0480.jpg,2
ldpose_test/Paralympic athlete_0481.jpg,0
ldpose_test/Paralympic athlete_0499.jpg,0
ldpose_test/Paralympic athlete_0514.jpg,2
ldpose_test/Paralympic athlete_0516.jpg,2
ldpose_test/Paralympic athlete_0517.jpg,2
ldpose_test/Paralympic athlete_0523.jpg,0
ldpose_test/Paralympic athlete_0527.jpg,0
ldpose_test/Paralympic athlete_0532.jpg,1
ldpose_test/Paralympic athlete_0534.jpg,2
ldpose_test/Paralympic athlete_0551.jpg,0
ldpose_test/Paralympic athlete_0556.jpg,2
ldpose_test/Paralympic athlete_0558.jpg,0
ldpose_test/Paralympic athlete_0562.jpg,0
ldpose_test/Paralympic athlete_0574.jpg,2
ldpose_test/Paralympic athlete_0583.jpg,0
ldpose_test/Paralympic athlete_0586.jpg,2
ldpose_test/Paralympic athlete_0598.jpg,0
ldpose_test/Paralympic athlete_0600.jpg,0
ldpose_test/Paralympic athlete_0601.jpg,0
ldpose_test/Paralympic athlete_0628.jpg,0
ldpose_test/Paralympic athlete_0632.jpg,2
ldpose_test/Paralympic athlete_0634.jpg,2
ldpose_test/Paralympic athlete_0636.jpg,2
ldpose_test/Paralympic athlete_0646.jpg,2
ldpose_test/Paralympic athlete_0649.jpg,2
ldpose_test/Paralympic athlete_0664.jpg,2
ldpose_test/Paralympic athlete_0680.jpg,2
ldpose_test/Paralympic athlete_0681.jpg,2
ldpose_test/Paralympic athlete_0683.jpg,2
ldpose_test/Paralympic athlete_0685.jpg,2
ldpose_test/Paralympic athlete_0693.jpg,2
ldpose_test/Paralympic athlete_0700.jpg,2
ldpose_test/Paralympic athlete_0702.jpg,2
ldpose_test/Paralympic athlete_0703.jpg,2
ldpose_test/Paralympic athlete_0710.jpg,2
ldpose_test/Paralympic athlete_0713.jpg,0
ldpose_test/Paralympic athlete_0730.jpg,0
ldpose_test/Paralympic athlete_0740.jpg,2
ldpose_test/Paralympic athlete_0749.jpg,2
ldpose_test/australian paralympic_0001.jpg,2
ldpose_test/australian paralympic_0002.jpg,0
ldpose_test/australian paralympic_0003.jpg,0
ldpose_test/australian paralympic_0004.jpg,2
ldpose_test/australian paralympic_0022.jpg,2
ldpose_test/australian paralympic_0023.jpg,0
ldpose_test/australian paralympic_0024.jpg,0
ldpose_test/australian paralympic_0026.jpg,0
ldpose_test/australian paralympic_0035.jpg,2
ldpose_test/australian paralympic_0063.jpg,0
ldpose_test/australian paralympic_0071.jpg,0
ldpose_test/australian paralympic_0105.jpg,0
ldpose_test/australian paralympic_0114.jpg,2
ldpose_test/australian paralympic_0118.jpg,0
ldpose_test/australian paralympic_0140.jpg,0
ldpose_test/australian paralympic_0153.jpg,2
ldpose_test/australian paralympic_0182.jpg,1
ldpose_test/australian paralympic_0204.jpg,2
ldpose_test/australian paralympic_0225.jpg,0
ldpose_test/australian paralympic_0265.jpg,2
ldpose_test/australian paralympic_0298.jpg,0
ldpose_test/australian paralympic_0311.jpg,0
ldpose_test/australian paralympic_0313.jpg,0
ldpose_test/australian paralympic_0337.jpg,0
ldpose_test/australian paralympic_0340.jpg,0
ldpose_test/australian paralympic_0381.jpg,2
ldpose_test/australian paralympic_0426.jpg,1
ldpose_test/australian paralympic_0437.jpg,0
ldpose_test/australian paralympic_0489.jpg,2
ldpose_test/australian paralympic_0518.jpg,0
ldpose_test/australian paralympic_0532.jpg,0
ldpose_test/baidu3_amputee_19.jpg,0
ldpose_test/baidu3_上肢缺失_248.jpg,0
ldpose_test/baidu3_下肢缺失_238.jpg,0
ldpose_test/baidu3_假肢使用_142.jpg,2
ldpose_test/baidu3_截肢康复_20.jpg,2
ldpose_test/baidu3_截肢康复_254.jpg,0
ldpose_test/baidu3_截肢康复_286.jpg,1
ldpose_test/baidu3_截肢康复_29.jpg,2
ldpose_test/baidu3_截肢康复_7.jpg,2
ldpose_test/baidu3_截肢康复_84.jpg,0
ldpose_test/baidu3_截肢康复_93.jpg,2
ldpose_test/baidu3_手臂截肢_244.jpg,0
ldpose_test/baidu3_手臂截肢_61.jpg,0
ldpose_test/baidu3_残奥会运动员_223.jpg,0
ldpose_test/baidu3_残奥会运动员_225.jpg,2
ldpose_test/baidu3_残奥会运动员_245.jpg,0
ldpose_test/baidu3_残奥会运动员_32.jpg,0
ldpose_test/baidu3_残奥会运动员_62.jpg,0
ldpose_test/baidu3_没有手臂的人_53.jpg,0
ldpose_test/baidu3_没有腿的人_52.jpg,0
ldpose_test/baidu3_腿截肢_229.jpg,1
ldpose_test/baidu3_腿截肢_34.jpg,0
ldpose_test/bing1_Amputation_119.jpg,0
ldpose_test/bing1_amputee_person_160.jpg,0
ldpose_test/bing1_amputee_person_172.jpg,0
ldpose_test/bing1_amputee_person_208.jpg,0
ldpose_test/bing1_arm_amputee_child_10.jpg,0
ldpose_test/bing1_arm_amputee_child_18.jpg,0
ldpose_test/bing1_arm_amputee_child_262.jpg,2
ldpose_test/bing1_arm_amputee_child_32.jpg,2
ldpose_test/bing1_arm_amputee_child_48.jpg,2
ldpose_test/bing1_arm_amputee_child_5.jpg,0
ldpose_test/bing1_arm_amputee_child_54.jpg,0
ldpose_test/bing1_arm_amputee_child_6.jpg,2
ldpose_test/bing1_arm_amputee_child_88.jpg,0
ldpose_test/bing1_athlete_with_amputation_176.jpg,2
ldpose_test/bing1_athlete_with_amputation_179.jpg,2
ldpose_test/bing1_athlete_with_amputation_18.jpg,2
ldpose_test/bing1_athlete_with_amputation_183.jpg,2
ldpose_test/bing1_athlete_with_amputation_191.jpg,2
ldpose_test/bing1_athlete_with_amputation_207.jpg,2
ldpose_test/bing1_athlete_with_amputation_231.jpg,2
ldpose_test/bing1_athlete_with_amputation_232.jpg,0
ldpose_test/bing1_athlete_with_amputation_233.jpg,0
ldpose_test/bing1_athlete_with_amputation_239.jpg,2
ldpose_test/bing1_athlete_with_amputation_240.jpg,2
ldpose_test/bing1_athlete_with_amputation_241.jpg,0
ldpose_test/bing1_athlete_with_amputation_250.jpg,2
ldpose_test/bing1_athlete_with_amputation_254.jpg,2
ldpose_test/bing1_athlete_with_amputation_262.jpg,2
ldpose_test/bing1_athlete_with_amputation_269.jpg,2
ldpose_test/bing1_athlete_with_amputation_270.jpg,0
ldpose_test/bing1_athlete_with_amputation_283.jpg,0
ldpose_test/bing1_athlete_with_amputation_285.jpg,2
ldpose_test/bing1_athlete_with_amputation_312.jpg,0
ldpose_test/bing1_athlete_with_amputation_3120.jpg,0
ldpose_test/bing1_athlete_with_amputation_352.jpg,2
ldpose_test/bing1_athlete_with_amputation_370.jpg,2
ldpose_test/bing1_athlete_with_amputation_390.jpg,2
ldpose_test/bing1_athlete_with_amputation_394.jpg,2
ldpose_test/bing1_athlete_with_amputation_395.jpg,2
ldpose_test/bing1_child_with_prosthetic_limb_100.jpg,2
ldpose_test/bing1_child_with_prosthetic_limb_106.jpg,2
ldpose_test/bing1_child_with_prosthetic_limb_116.jpg,2
ldpose_test/bing1_child_with_prosthetic_limb_128.jpg,1
ldpose_test/bing1_child_with_prosthetic_limb_165.jpg,2
ldpose_test/bing1_child_with_prosthetic_limb_197.jpg,1
ldpose_test/bing1_child_with_prosthetic_limb_228.jpg,2
ldpose_test/bing1_child_with_prosthetic_limb_229.jpg,0
ldpose_test/bing1_child_with_prosthetic_limb_230.jpg,1
ldpose_test/bing1_child_with_prosthetic_limb_45.jpg,2
ldpose_test/bing1_disable_person_123.jpg,0
ldpose_test/bing1_famous_paralympic_athletes_15.jpg,2
ldpose_test/bing1_famous_paralympic_athletes_38.jpg,2
ldpose_test/bing1_famous_paralympic_athletes_53.jpg,2
ldpose_test/bing1_person_missing_an_arm_280.jpg,0
ldpose_test/bing1_person_missing_an_arm_56.jpg,2
ldpose_test/bing1_runner_with_prosthetic_276.jpg,2
ldpose_test/bing1_戴假肢的人_12.jpg,0
ldpose_test/bing1_戴假肢的人_259.jpg,2
ldpose_test/bing1_腕のない人_1.jpg,0
ldpose_test/bing1_腕のない人_106.jpg,0
ldpose_test/bing1_腕のない人_141.jpg,0
ldpose_test/bing1_腕のない人_17.jpg,0
ldpose_test/bing1_腕のない人_175.jpg,0
ldpose_test/bing1_腕のない人_32.jpg,0
ldpose_test/bing1_腕のない人_35.jpg,0
ldpose_test/bing1_腕のない人_5947.jpg,0
ldpose_test/bing1_装了义肢的残疾人_1.jpg,2
ldpose_test/bing1_装了义肢的残疾人_115.jpg,0
ldpose_test/bing1_装了义肢的残疾人_16.jpg,2
ldpose_test/bing1_装了义肢的残疾人_33.jpg,0
ldpose_test/bing1_装了义肢的残疾人_44.jpg,2
ldpose_test/bing1_装了义肢的残疾人_47.jpg,0
ldpose_test/bing1_装了假肢的孩子_112.jpg,0
ldpose_test/bing1_装了假肢的孩子_140.jpg,1
ldpose_test/bing1_装了假肢的孩子_189.jpg,2
ldpose_test/bing1_装了假肢的孩子_251.jpg,2
ldpose_test/bing1_装了假肢的孩子_257.jpg,2
ldpose_test/bing1_装了假肢的孩子_284.jpg,0
ldpose_test/bing1_装了假肢的孩子_304.jpg,1
ldpose_test/bing1_装了假肢的孩子_390.jpg,2
ldpose_test/bing1_装了假肢的孩子_70.jpg,1
ldpose_test/bing1_足のない人_110.jpg,2
ldpose_test/bing_Paralympic_athlete_152.jpg,2
ldpose_test/bing_arm_amputee_child_251.jpg,2
ldpose_test/bing_atleta_amputado_6613.jpg,2
ldpose_test/bing_famous_paralympic_athletes_27.jpg,2
ldpose_test/bing_leg_amputee_adult_249.jpg,0
ldpose_test/bing_leg_amputee_adult_265.jpg,0
ldpose_test/bing_mujer_con_pierna_amputada_6763.jpg,0
ldpose_test/bing_person_missing_a_leg_116.jpg,0
ldpose_test/bing_usuario_de_prótesis_1747.jpg,2
ldpose_test/bing_使用义肢的儿童_27.jpg,2
ldpose_test/bing_四肢切断者_7214.jpg,0
ldpose_test/bing_残疾人跑步_2052.jpg,2
ldpose_test/bing_義肢のアスリート_24.jpg,2
ldpose_test/bing_義肢のアスリート_5656.jpg,2
ldpose_test/bing_義肢のアスリート_65.jpg,2
ldpose_test/bing_義足を装着している人_3726.jpg,2
ldpose_test/bing_義足を装着している女性_2184.jpg,0
ldpose_test/bing_義足を装着している女性_4250.jpg,0
ldpose_test/bing_装了假肢的孩子_286.jpg,2
ldpose_test/bing_装了假肢的孩子_3334.jpg,2
ldpose_test/bing_装了假肢的孩子_4034.jpg,2
ldpose_test/bing_走っている障害者_144.jpg,2
ldpose_test/bing_走っている障害者_672.jpg,0
ldpose_test/bing_走っている障害者_9.jpg,2
ldpose_test/bing_足のない人_5.jpg,2
ldpose_test/bing_足のない人_9.jpg,0
ldpose_test/disable person_0038.jpg,0
ldpose_test/disable person_0039.jpg,0
ldpose_test/disable person_0045.jpg,2
ldpose_test/disable person_0094.jpg,0
ldpose_test/disable person_0123.jpg,0
ldpose_test/disable person_0140.jpg,0
ldpose_test/disable person_0151.jpg,0
ldpose_test/disable person_0153.jpg,2
ldpose_test/disable person_0175.jpg,0
ldpose_test/disable person_0197.jpg,0
ldpose_test/disable person_0259.jpg,0
ldpose_test/disable person_0451.jpg,2
ldpose_test/disable person_0467.jpg,2
ldpose_test/flickr_ipc_49399684636.jpg,0
ldpose_test/flickr_ipc_49399889817.jpg,0
ldpose_test/flickr_ipc_49419814228.jpg,0
ldpose_test/flickr_ipc_49430497907.jpg,0
ldpose_test/flickr_ipc_51177212667.jpg,0
ldpose_test/flickr_ipc_51177433607.jpg,0
ldpose_test/flickr_ipc_51177554567.jpg,0
ldpose_test/flickr_ipc_51177809647.jpg,0
ldpose_test/flickr_ipc_51178034036.jpg,0
ldpose_test/flickr_ipc_51178489766.jpg,0
ldpose_test/flickr_ipc_51178586756.jpg,0
ldpose_test/flickr_ipc_51178651876.jpg,0
ldpose_test/flickr_ipc_51178654306.jpg,0
ldpose_test/flickr_ipc_51178724389.jpg,0
ldpose_test/flickr_ipc_51179086112.jpg,0
ldpose_test/flickr_ipc_51179329560.jpg,0
ldpose_test/flickr_ipc_51179352297.jpg,0
ldpose_test/flickr_ipc_51179488692.jpg,0
ldpose_test/flickr_ipc_51179582695.jpg,0
ldpose_test/flickr_ipc_51179843787.jpg,0
ldpose_test/flickr_ipc_51179891786.jpg,0
ldpose_test/flickr_ipc_51180049978.jpg,0
ldpose_test/flickr_ipc_51180161841.jpg,0
ldpose_test/flickr_ipc_51180244451.jpg,0
ldpose_test/flickr_ipc_51180244966.jpg,0
ldpose_test/flickr_ipc_51180264858.jpg,2
ldpose_test/flickr_ipc_51180375321.jpg,0
ldpose_test/flickr_ipc_51180380901.jpg,0
ldpose_test/flickr_ipc_51180621784.jpg,0
ldpose_test/flickr_ipc_51180686379.jpg,0
ldpose_test/flickr_ipc_51180833459.jpg,0
ldpose_test/flickr_ipc_51180867070.jpg,0
ldpose_test/flickr_ipc_51180924460.jpg,0
ldpose_test/flickr_ipc_51181039044.jpg,0
ldpose_test/flickr_ipc_51181118294.jpg,0
ldpose_test/flickr_ipc_51181118299.jpg,0
ldpose_test/flickr_ipc_51181269325.jpg,0
ldpose_test/flickr_ipc_51181341915.jpg,0
ldpose_test/flickr_ipc_51181342295.jpg,0
ldpose_test/flickr_ipc_51181474970.jpg,0
ldpose_test/flickr_ipc_51181500097.jpg,0
ldpose_test/flickr_ipc_51181501487.jpg,2
ldpose_test/flickr_ipc_51181503912.jpg,2
ldpose_test/flickr_ipc_51181577250.jpg,0
ldpose_test/flickr_ipc_51181608522.jpg,0
ldpose_test/flickr_ipc_51181619105.jpg,0
ldpose_test/flickr_ipc_51181932782.jpg,0
ldpose_test/flickr_ipc_51182188056.jpg,0
ldpose_test/flickr_ipc_51182188161.jpg,2
ldpose_test/flickr_ipc_51182515868.jpg,0
ldpose_test/flickr_ipc_51182618501.jpg,2
ldpose_test/flickr_ipc_51182644787.jpg,2
ldpose_test/flickr_ipc_51182663172.jpg,0
ldpose_test/flickr_ipc_51182973104.jpg,2
ldpose_test/flickr_ipc_51183272840.jpg,0
ldpose_test/flickr_ipc_51183332301.jpg,0
ldpose_test/flickr_ipc_51183340461.jpg,0
ldpose_test/flickr_ipc_51183340916.jpg,2
ldpose_test/flickr_ipc_51183594125.jpg,0
ldpose_test/flickr_ipc_51183937951.jpg,0
ldpose_test/flickr_ipc_51183959417.jpg,0
ldpose_test/flickr_ipc_51183993952.jpg,0
ldpose_test/flickr_ipc_51184061150.jpg,0
ldpose_test/flickr_ipc_51184098609.jpg,0
ldpose_test/flickr_ipc_51184102714.jpg,0
ldpose_test/flickr_ipc_51184397155.jpg,0
ldpose_test/flickr_ipc_51184473121.jpg,0
ldpose_test/flickr_ipc_51184645201.jpg,0
ldpose_test/flickr_ipc_51184694266.jpg,0
ldpose_test/flickr_ipc_51184784896.jpg,0
ldpose_test/flickr_ipc_51184943263.jpg,0
ldpose_test/flickr_ipc_51185429269.jpg,2
ldpose_test/flickr_ipc_51185461294.jpg,0
ldpose_test/flickr_ipc_51185547570.jpg,0
ldpose_test/flickr_ipc_51185717800.jpg,0
ldpose_test/flickr_ipc_51185754580.jpg,0
ldpose_test/flickr_ipc_51185800681.jpg,0
ldpose_test/flickr_ipc_51185859700.jpg,0
ldpose_test/flickr_ipc_51185872794.jpg,0
ldpose_test/flickr_ipc_51186016517.jpg,0
ldpose_test/flickr_ipc_51186162795.jpg,0
ldpose_test/flickr_ipc_51186565229.jpg,0
ldpose_test/flickr_ipc_51186598772.jpg,0
ldpose_test/flickr_ipc_51186620317.jpg,0
ldpose_test/flickr_ipc_51186737909.jpg,0
ldpose_test/flickr_ipc_51186810577.jpg,0
ldpose_test/flickr_ipc_51186924506.jpg,0
ldpose_test/flickr_ipc_51187026530.jpg,0
ldpose_test/flickr_ipc_51187066026.jpg,0
ldpose_test/flickr_ipc_51187140188.jpg,0
ldpose_test/flickr_ipc_51187144588.jpg,0
ldpose_test/flickr_ipc_51187282357.jpg,0
ldpose_test/flickr_ipc_51187320061.jpg,0
ldpose_test/flickr_ipc_51187320401.jpg,0
ldpose_test/flickr_ipc_51187490439.jpg,0
ldpose_test/flickr_ipc_51187496963.jpg,0
ldpose_test/flickr_ipc_51187497603.jpg,0
ldpose_test/flickr_ipc_51187505261.jpg,0
ldpose_test/flickr_ipc_51187537788.jpg,0
ldpose_test/flickr_ipc_51187697434.jpg,0
ldpose_test/flickr_ipc_51187697684.jpg,0
ldpose_test/flickr_ipc_51187700194.jpg,0
ldpose_test/flickr_ipc_51187843404.jpg,0
ldpose_test/flickr_ipc_51187847369.jpg,0
ldpose_test/flickr_ipc_51187989206.jpg,0
ldpose_test/flickr_ipc_51187989580.jpg,0
ldpose_test/flickr_ipc_51188091214.jpg,0
ldpose_test/flickr_ipc_51188122136.jpg,0
ldpose_test/flickr_ipc_51188284604.jpg,0
ldpose_test/flickr_ipc_51188314182.jpg,0
ldpose_test/flickr_ipc_51188386500.jpg,0
ldpose_test/flickr_ipc_51188518723.jpg,0
ldpose_test/flickr_ipc_51188573410.jpg,0
ldpose_test/flickr_ipc_51188733877.jpg,2
ldpose_test/flickr_ipc_51188761996.jpg,0
ldpose_test/flickr_ipc_51188884554.jpg,0
ldpose_test/flickr_ipc_51188885474.jpg,0
ldpose_test/flickr_ipc_51189172110.jpg,0
ldpose_test/flickr_ipc_51189281556.jpg,0
ldpose_test/flickr_ipc_51189338043.jpg,2
ldpose_test/flickr_ipc_51189365027.jpg,0
ldpose_test/flickr_ipc_51189700022.jpg,0
ldpose_test/flickr_ipc_51190099331.jpg,1
ldpose_test/flickr_ipc_51190108496.jpg,0
ldpose_test/flickr_ipc_51190177810.jpg,2
ldpose_test/flickr_ipc_51190218805.jpg,0
ldpose_test/flickr_ipc_51190421477.jpg,0
ldpose_test/flickr_ipc_51190862924.jpg,2
ldpose_test/flickr_ipc_51190863169.jpg,2
ldpose_test/flickr_ipc_51190873112.jpg,0
ldpose_test/flickr_ipc_51190873797.jpg,0
ldpose_test/flickr_ipc_51191157468.jpg,0
ldpose_test/flickr_ipc_51191157923.jpg,0
ldpose_test/flickr_ipc_51191437327.jpg,0
ldpose_test/flickr_ipc_51191489887.jpg,0
ldpose_test/flickr_ipc_51191896739.jpg,0
ldpose_test/flickr_ipc_51192198681.jpg,0
ldpose_test/flickr_ipc_51192215960.jpg,0
ldpose_test/flickr_ipc_51192430297.jpg,0
ldpose_test/flickr_ipc_51192940734.jpg,0
ldpose_test/flickr_ipc_51192941364.jpg,0
ldpose_test/flickr_ipc_51193364817.jpg,0
ldpose_test/flickr_ipc_51193365307.jpg,0
ldpose_test/flickr_ipc_51193473443.jpg,0
ldpose_test/flickr_ipc_51193583346.jpg,0
ldpose_test/flickr_ipc_51194068601.jpg,0
ldpose_test/flickr_ipc_51194259332.jpg,0
ldpose_test/flickr_ipc_51194285653.jpg,0
ldpose_test/flickr_ipc_51194351057.jpg,0
ldpose_test/flickr_ipc_51194783271.jpg,0
ldpose_test/flickr_ipc_51195008315.jpg,0
ldpose_test/flickr_ipc_51195096815.jpg,0
ldpose_test/flickr_ipc_51195134920.jpg,0
ldpose_test/flickr_ipc_51195136130.jpg,0
ldpose_test/flickr_ipc_51195159886.jpg,0
ldpose_test/flickr_ipc_51195180433.jpg,0
ldpose_test/flickr_ipc_51195180783.jpg,0
ldpose_test/flickr_ipc_51195404367.jpg,0
ldpose_test/flickr_ipc_51195556719.jpg,0
ldpose_test/flickr_ipc_51195741794.jpg,0
ldpose_test/flickr_ipc_51195745894.jpg,0
ldpose_test/flickr_ipc_51196001776.jpg,0
ldpose_test/flickr_ipc_51196001926.jpg,0
ldpose_test/flickr_ipc_51196073069.jpg,0
ldpose_test/flickr_ipc_51196073349.jpg,0
ldpose_test/flickr_ipc_51196238103.jpg,0
ldpose_test/flickr_ipc_51196325378.jpg,1
ldpose_test/flickr_ipc_51196890589.jpg,0
ldpose_test/flickr_ipc_51196890959.jpg,0
ldpose_test/flickr_ipc_51197841599.jpg,0
ldpose_test/flickr_ipc_51198580576.jpg,0
ldpose_test/flickr_ipc_51198583541.jpg,0
ldpose_test/flickr_ipc_51216148894.jpg,0
ldpose_test/flickr_ipc_51216263474.jpg,0
ldpose_test/flickr_ipc_51217772652.jpg,2
ldpose_test/flickr_ipc_51218555431.jpg,2
ldpose_test/flickr_ipc_51219055768.jpg,2
ldpose_test/flickr_ipc_51219177311.jpg,0
ldpose_test/flickr_ipc_51219178166.jpg,0
ldpose_test/flickr_ipc_51219213511.jpg,0
ldpose_test/flickr_ipc_51219396178.jpg,0
ldpose_test/flickr_ipc_51219945049.jpg,0
ldpose_test/flickr_ipc_51220175937.jpg,0
ldpose_test/flickr_ipc_51220550647.jpg,2
ldpose_test/flickr_ipc_51220552727.jpg,2
ldpose_test/flickr_ipc_51221243231.jpg,2
ldpose_test/flickr_ipc_51221257581.jpg,0
ldpose_test/flickr_ipc_51221262266.jpg,0
ldpose_test/flickr_ipc_51221280141.jpg,2
ldpose_test/flickr_ipc_51221447618.jpg,0
ldpose_test/flickr_ipc_51222031339.jpg,2
ldpose_test/flickr_ipc_51222300071.jpg,0
ldpose_test/flickr_ipc_51222301691.jpg,2
ldpose_test/flickr_ipc_51222469976.jpg,2
ldpose_test/flickr_ipc_51222470056.jpg,2
ldpose_test/flickr_ipc_51222470906.jpg,2
ldpose_test/flickr_ipc_51222521583.jpg,0
ldpose_test/flickr_ipc_51222683412.jpg,2
ldpose_test/flickr_ipc_51222918599.jpg,2
ldpose_test/flickr_ipc_51223197022.jpg,2
ldpose_test/flickr_ipc_51223206622.jpg,2
ldpose_test/flickr_ipc_51223225025.jpg,2
ldpose_test/flickr_ipc_51223244099.jpg,2
ldpose_test/flickr_ipc_51223546765.jpg,2
ldpose_test/flickr_ipc_51223687509.jpg,2
ldpose_test/flickr_ipc_51223802104.jpg,2
ldpose_test/flickr_ipc_51224176909.jpg,2
ldpose_test/flickr_ipc_51224484380.jpg,2
ldpose_test/flickr_ipc_51226167370.jpg,2
ldpose_test/flickr_ipc_51226390582.jpg,1
ldpose_test/flickr_ipc_51227861094.jpg,1
ldpose_test/flickr_ipc_51229338807.jpg,2
ldpose_test/flickr_ipc_51257319162.jpg,0
ldpose_test/flickr_ipc_51265624649.jpg,2
ldpose_test/flickr_ipc_51392862265.jpg,0
ldpose_test/flickr_ipc_51406344737.jpg,0
ldpose_test/flickr_ipc_51407100601.jpg,0
ldpose_test/flickr_ipc_51408075090.jpg,2
ldpose_test/flickr_ipc_51413868722.jpg,0
ldpose_test/flickr_ipc_51415370149.jpg,0
ldpose_test/flickr_ipc_51492558588.jpg,0
ldpose_test/flickr_ipc_51829443857.jpg,0
ldpose_test/flickr_ipc_51830404271.jpg,2
ldpose_test/flickr_ipc_51830513538.jpg,0
ldpose_test/flickr_ipc_51830515918.jpg,0
ldpose_test/flickr_ipc_51830516983.jpg,0
ldpose_test/flickr_ipc_51830746459.jpg,2
ldpose_test/flickr_ipc_51831123870.jpg,0
ldpose_test/flickr_ipc_51833049562.jpg,0
ldpose_test/flickr_ipc_51833049782.jpg,0
ldpose_test/flickr_ipc_51834108123.jpg,0
ldpose_test/flickr_ipc_51834351279.jpg,0
ldpose_test/flickr_ipc_51834727575.jpg,0
ldpose_test/flickr_ipc_51875057791.jpg,1
ldpose_test/flickr_ipc_51875146583.jpg,1
ldpose_test/flickr_ipc_51875381014.jpg,1
ldpose_test/flickr_ipc_51875708805.jpg,1
ldpose_test/flickr_ipc_51875709450.jpg,1
ldpose_test/flickr_ipc_51875840277.jpg,2
ldpose_test/flickr_ipc_51878045262.jpg,2
ldpose_test/flickr_ipc_51878045562.jpg,0
ldpose_test/flickr_ipc_51879014111.jpg,0
ldpose_test/flickr_ipc_51879327089.jpg,1
ldpose_test/flickr_ipc_51892481047.jpg,0
ldpose_test/flickr_ipc_51893440251.jpg,0
ldpose_test/flickr_ipc_51941844396.jpg,0
ldpose_test/flickr_ipc_51941929558.jpg,0
ldpose_test/flickr_ipc_51942712644.jpg,0
ldpose_test/flickr_ipc_51959033907.jpg,0
ldpose_test/flickr_ipc_51959043047.jpg,0
ldpose_test/flickr_ipc_51959051682.jpg,0
ldpose_test/flickr_ipc_51959066807.jpg,0
ldpose_test/flickr_ipc_51960144648.jpg,0
ldpose_test/flickr_ipc_51960326159.jpg,0
ldpose_test/flickr_ipc_51960338659.jpg,0
ldpose_test/flickr_ipc_51960654060.jpg,0
ldpose_test/flickr_ipc_51989991671.jpg,2
ldpose_test/flickr_ipc_51990051583.jpg,0
ldpose_test/flickr_ipc_51990289069.jpg,0
ldpose_test/flickr_ipc_52135126662.jpg,0
ldpose_test/flickr_ipc_52135251007.jpg,0
ldpose_test/flickr_ipc_52136298943.jpg,0
ldpose_test/flickr_ipc_52136384184.jpg,0
ldpose_test/flickr_ipc_52136639590.jpg,0
ldpose_test/flickr_ipc_52136647665.jpg,0
ldpose_test/flickr_ipc_52136776927.jpg,0
ldpose_test/flickr_ipc_52136783782.jpg,0
ldpose_test/flickr_ipc_52136974292.jpg,0
ldpose_test/flickr_ipc_52137006526.jpg,0
ldpose_test/flickr_ipc_52137243554.jpg,0
ldpose_test/flickr_ipc_52137688266.jpg,0
ldpose_test/flickr_ipc_52137928369.jpg,2
ldpose_test/flickr_ipc_52138020013.jpg,0
ldpose_test/flickr_ipc_52138209590.jpg,0
ldpose_test/flickr_ipc_52138293125.jpg,0
ldpose_test/flickr_ipc_52138366540.jpg,0
ldpose_test/flickr_ipc_52139170260.jpg,0
ldpose_test/flickr_ipc_52141061541.jpg,0
ldpose_test/flickr_ipc_52141639162.jpg,0
ldpose_test/flickr_ipc_52142019318.jpg,0
ldpose_test/flickr_ipc_52142621546.jpg,0
ldpose_test/flickr_ipc_52142622761.jpg,0
ldpose_test/flickr_ipc_52142677648.jpg,0
ldpose_test/flickr_ipc_52142678023.jpg,0
ldpose_test/flickr_ipc_52142897076.jpg,2
ldpose_test/flickr_ipc_52142897709.jpg,0
ldpose_test/flickr_ipc_52142912513.jpg,0
ldpose_test/flickr_ipc_52143381735.jpg,0
ldpose_test/flickr_ipc_52143438648.jpg,0
ldpose_test/flickr_ipc_52144095751.jpg,0
ldpose_test/flickr_ipc_52144116148.jpg,0
ldpose_test/flickr_ipc_52144516406.jpg,0
ldpose_test/flickr_ipc_52144558577.jpg,0
ldpose_test/flickr_ipc_52144615357.jpg,0
ldpose_test/flickr_ipc_52145384943.jpg,0
ldpose_test/flickr_ipc_52145386588.jpg,0
ldpose_test/flickr_ipc_52145413696.jpg,0
ldpose_test/flickr_ipc_52145570026.jpg,0
ldpose_test/flickr_ipc_52145573671.jpg,0
ldpose_test/flickr_ipc_52145576436.jpg,0
ldpose_test/flickr_ipc_52145578921.jpg,0
ldpose_test/flickr_ipc_52145581511.jpg,0
ldpose_test/flickr_ipc_52145595288.jpg,0
ldpose_test/flickr_ipc_52145820149.jpg,0
ldpose_test/flickr_ipc_52145846815.jpg,0
ldpose_test/flickr_ipc_52145876254.jpg,0
ldpose_test/flickr_ipc_52145876504.jpg,0
ldpose_test/flickr_ipc_52145995633.jpg,0
ldpose_test/flickr_ipc_52146527466.jpg,0
ldpose_test/flickr_ipc_52146531516.jpg,0
ldpose_test/flickr_ipc_52147009240.jpg,0
ldpose_test/flickr_ipc_52147015945.jpg,0
ldpose_test/flickr_ipc_52147097969.jpg,0
ldpose_test/flickr_ipc_52147268366.jpg,0
ldpose_test/flickr_ipc_52147986851.jpg,0
ldpose_test/flickr_ipc_52148224879.jpg,0
ldpose_test/flickr_ipc_52154259339.jpg,0
ldpose_test/flickr_ipc_52154380272.jpg,0
ldpose_test/flickr_ipc_52154380957.jpg,0
ldpose_test/flickr_ipc_52154593167.jpg,0
ldpose_test/flickr_ipc_52154593847.jpg,0
ldpose_test/flickr_ipc_52154816293.jpg,0
ldpose_test/flickr_ipc_52154821497.jpg,0
ldpose_test/flickr_ipc_52154826927.jpg,0
ldpose_test/flickr_ipc_52155208283.jpg,0
ldpose_test/flickr_ipc_52155398278.jpg,0
ldpose_test/flickr_ipc_52155413755.jpg,2
ldpose_test/flickr_ipc_52155416170.jpg,0
ldpose_test/flickr_ipc_52155449385.jpg,0
ldpose_test/flickr_ipc_52155500697.jpg,2
ldpose_test/flickr_ipc_52155612728.jpg,0
ldpose_test/flickr_ipc_52155693925.jpg,0
ldpose_test/flickr_ipc_52155834891.jpg,0
ldpose_test/flickr_ipc_52155848973.jpg,0
ldpose_test/flickr_ipc_52155882500.jpg,0
ldpose_test/flickr_ipc_52156003621.jpg,0
ldpose_test/flickr_ipc_52156239029.jpg,0
ldpose_test/flickr_ipc_52156753614.jpg,0
ldpose_test/flickr_ipc_52156762729.jpg,0
ldpose_test/flickr_ipc_52156858510.jpg,0
ldpose_test/flickr_ipc_52156995015.jpg,2
ldpose_test/flickr_ipc_52157017965.jpg,0
ldpose_test/flickr_ipc_52157019245.jpg,1
ldpose_test/flickr_ipc_52157975487.jpg,0
ldpose_test/flickr_ipc_52158254386.jpg,0
ldpose_test/flickr_ipc_52158747140.jpg,0
ldpose_test/flickr_ipc_52159233784.jpg,0
ldpose_test/flickr_ipc_52204442628.jpg,0
ldpose_test/flickr_ipc_52204450608.jpg,2
ldpose_test/flickr_ipc_52204933940.jpg,2
ldpose_test/flickr_ipc_52206833108.jpg,2
ldpose_test/flickr_ipc_52207095599.jpg,0
ldpose_test/flickr_ipc_52207309280.jpg,1
ldpose_test/flickr_ipc_52207318175.jpg,2
ldpose_test/flickr_ipc_52208247752.jpg,2
ldpose_test/flickr_ipc_52209746635.jpg,2
ldpose_test/flickr_ipc_52214716795.jpg,2
ldpose_test/flickr_ipc_52386439697.jpg,2
ldpose_test/flickr_ipc_52387799835.jpg,2
ldpose_test/flickr_ipc_52393420160.jpg,0
ldpose_test/flickr_ipc_52403355727.jpg,0
ldpose_test/flickr_ipc_52404125954.jpg,0
ldpose_test/flickr_ipc_52404150734.jpg,0
ldpose_test/flickr_ipc_52404298170.jpg,0
ldpose_test/flickr_ipc_52404319190.jpg,0
ldpose_test/flickr_ipc_52404380928.jpg,0
ldpose_test/flickr_ipc_52560811532.jpg,0
ldpose_test/flickr_ipc_52893946239.jpg,2
ldpose_test/flickr_ipc_52894165325.jpg,2
ldpose_test/flickr_ipc_52894230193.jpg,2
ldpose_test/flickr_ipc_52894232928.jpg,2
ldpose_test/flickr_ipc_52896678425.jpg,2
ldpose_test/flickr_ipc_53038046654.jpg,0
ldpose_test/flickr_ipc_53087291379.jpg,0
ldpose_test/flickr_ipc_53232576507.jpg,0
ldpose_test/flickr_ipc_53232576607.jpg,0
ldpose_test/flickr_ipc_53232577327.jpg,2
ldpose_test/flickr_ipc_53232578202.jpg,0
ldpose_test/flickr_ipc_53233443021.jpg,0
ldpose_test/flickr_ipc_53233444896.jpg,0
ldpose_test/flickr_ipc_53233444966.jpg,0
ldpose_test/flickr_ipc_53233445321.jpg,0
ldpose_test/flickr_ipc_53233445571.jpg,0
ldpose_test/flickr_ipc_53233445951.jpg,0
ldpose_test/flickr_ipc_53233744943.jpg,0
ldpose_test/flickr_ipc_53233745008.jpg,0
ldpose_test/flickr_ipc_53233745998.jpg,0
ldpose_test/flickr_ipc_53233819974.jpg,0
ldpose_test/flickr_ipc_53233820029.jpg,0
ldpose_test/flickr_ipc_53233821924.jpg,0
ldpose_test/flickr_ipc_53233822739.jpg,2
ldpose_test/flickr_ipc_53233944685.jpg,0
ldpose_test/flickr_ipc_53233945230.jpg,0
ldpose_test/flickr_ipc_53246880992.jpg,2
ldpose_test/flickr_ipc_53246903772.jpg,2
ldpose_test/flickr_ipc_53246963192.jpg,0
ldpose_test/flickr_ipc_53247756211.jpg,0
ldpose_test/flickr_ipc_53247757121.jpg,0
ldpose_test/flickr_ipc_53247757401.jpg,2
ldpose_test/flickr_ipc_53247758746.jpg,2
ldpose_test/flickr_ipc_53247758836.jpg,1
ldpose_test/flickr_ipc_53248120034.jpg,2
ldpose_test/flickr_ipc_53313188841.jpg,0
ldpose_test/flickr_ipc_53313630278.jpg,0
ldpose_test/flickr_ipc_53313740979.jpg,0
ldpose_test/flickr_ipc_53313850185.jpg,0
ldpose_test/flickr_ipc_53668122441.jpg,0
ldpose_test/flickr_ipc_53674651296.jpg,0
ldpose_test/flickr_ipc_53674651566.jpg,0
ldpose_test/flickr_ipc_53675418011.jpg,2
ldpose_test/flickr_ipc_53676906292.jpg,0
ldpose_test/flickr_ipc_53677868288.jpg,0
ldpose_test/flickr_ipc_53677955088.jpg,0
ldpose_test/flickr_ipc_53678003024.jpg,0
ldpose_test/flickr_ipc_53678188485.jpg,2
ldpose_test/flickr_ipc_53678188545.jpg,0
ldpose_test/flickr_ipc_53678232170.jpg,0
ldpose_test/flickr_ipc_53678232450.jpg,0
ldpose_test/flickr_ipc_53678976488.jpg,0
ldpose_test/flickr_ipc_53679005123.jpg,0
ldpose_test/flickr_ipc_53680679615.jpg,0
ldpose_test/flickr_ipc_53680786827.jpg,0
ldpose_test/flickr_ipc_53681032037.jpg,0
ldpose_test/flickr_ipc_53681032097.jpg,2
ldpose_test/flickr_ipc_53681032542.jpg,0
ldpose_test/flickr_ipc_53681896496.jpg,0
ldpose_test/flickr_ipc_53681925916.jpg,0
ldpose_test/flickr_ipc_53682050546.jpg,0
ldpose_test/flickr_ipc_53682058618.jpg,0
ldpose_test/flickr_ipc_53682108400.jpg,0
ldpose_test/flickr_ipc_53682120088.jpg,0
ldpose_test/flickr_ipc_53682120363.jpg,0
ldpose_test/flickr_ipc_53682149278.jpg,0
ldpose_test/flickr_ipc_53682260359.jpg,0
ldpose_test/flickr_ipc_53682260869.jpg,2
ldpose_test/flickr_ipc_53682353305.jpg,0
ldpose_test/flickr_ipc_53682382395.jpg,0
ldpose_test/flickr_ipc_53682879546.jpg,0
ldpose_test/flickr_ipc_53682879791.jpg,2
ldpose_test/flickr_ipc_53683335295.jpg,2
ldpose_test/flickr_ipc_53683412402.jpg,2
ldpose_test/flickr_ipc_53683412437.jpg,0
ldpose_test/flickr_ipc_53684135374.jpg,0
ldpose_test/flickr_ipc_53684135844.jpg,0
ldpose_test/flickr_ipc_53684221750.jpg,0
ldpose_test/flickr_ipc_53684735495.jpg,0
ldpose_test/flickr_ipc_53686615863.jpg,0
ldpose_test/flickr_ipc_53686732829.jpg,0
ldpose_test/flickr_ipc_53686739679.jpg,0
ldpose_test/flickr_ipc_53687237037.jpg,0
ldpose_test/flickr_ipc_53688563535.jpg,0
ldpose_test/flickr_ipc_53690242842.jpg,0
ldpose_test/flickr_ipc_53690242882.jpg,0
ldpose_test/flickr_ipc_53691121716.jpg,0
ldpose_test/flickr_ipc_53691122151.jpg,0
ldpose_test/flickr_ipc_53691122381.jpg,2
ldpose_test/flickr_ipc_53691122446.jpg,2
ldpose_test/flickr_ipc_53691123386.jpg,0
ldpose_test/flickr_ipc_53691336558.jpg,2
ldpose_test/flickr_ipc_53691338098.jpg,0
ldpose_test/flickr_ipc_53691475689.jpg,2
ldpose_test/flickr_ipc_53691478034.jpg,0
ldpose_test/flickr_ipc_53691478659.jpg,0
ldpose_test/flickr_ipc_53691562175.jpg,0
ldpose_test/flickr_ipc_53691563730.jpg,0
ldpose_test/flickr_ipc_53691564580.jpg,0
ldpose_test/flickr_ipc_53691565865.jpg,0
ldpose_test/flickr_ipc_53698821405.jpg,0
ldpose_test/flickr_ipc_53698945748.jpg,0
ldpose_test/flickr_ipc_53700931122.jpg,2
ldpose_test/flickr_ipc_53701407580.jpg,2
ldpose_test/flickr_ipc_53701773254.jpg,2
ldpose_test/flickr_ipc_53704079681.jpg,0
ldpose_test/flickr_ipc_53709769157.jpg,2
ldpose_test/flickr_ipc_53709942942.jpg,0
ldpose_test/flickr_ipc_53711969353.jpg,2
ldpose_test/flickr_ipc_53714039936.jpg,2
ldpose_test/flickr_ipc_53726339187.jpg,0
ldpose_test/flickr_ipc_53727305691.jpg,0
ldpose_test/flickr_ipc_53727411408.jpg,0
ldpose_test/flickr_ipc_53727558149.jpg,0
ldpose_test/flickr_ipc_53727587519.jpg,2
ldpose_test/flickr_ipc_53728894316.jpg,0
ldpose_test/flickr_ipc_53729098053.jpg,0
ldpose_test/flickr_ipc_53729393896.jpg,2
ldpose_test/flickr_ipc_53729443611.jpg,2
ldpose_test/flickr_ipc_53729443621.jpg,2
ldpose_test/flickr_ipc_53731421376.jpg,2
ldpose_test/flickr_ipc_53731633673.jpg,2
ldpose_test/flickr_ipc_53731848215.jpg,0
ldpose_test/flickr_ipc_53733137362.jpg,2
ldpose_test/flickr_ipc_53733140647.jpg,2
ldpose_test/flickr_ipc_53733930441.jpg,2
ldpose_test/flickr_ipc_53734141473.jpg,2
ldpose_test/flickr_ipc_53734141858.jpg,2
ldpose_test/flickr_ipc_53734141873.jpg,2
ldpose_test/flickr_ipc_53734147617.jpg,2
ldpose_test/flickr_ipc_53734261014.jpg,2
ldpose_test/flickr_ipc_53735592797.jpg,2
ldpose_test/flickr_ipc_53735593257.jpg,0
ldpose_test/flickr_ipc_53736363001.jpg,2
ldpose_test/flickr_ipc_53736560823.jpg,2
ldpose_test/flickr_ipc_53736561443.jpg,2
ldpose_test/flickr_ipc_53736561543.jpg,2
ldpose_test/flickr_ipc_53736694889.jpg,2
ldpose_test/flickr_ipc_53736696704.jpg,2
ldpose_test/flickr_ipc_53736696999.jpg,2
ldpose_test/flickr_ipc_53736789730.jpg,2
ldpose_test/flickr_ipc_53736790255.jpg,2
ldpose_test/flickr_ipc_53736790755.jpg,2
ldpose_test/flickr_ipc_53736857879.jpg,2
ldpose_test/flickr_ipc_53737326867.jpg,0
ldpose_test/flickr_ipc_53737746939.jpg,2
ldpose_test/flickr_ipc_53737835315.jpg,2
ldpose_test/flickr_ipc_53738074322.jpg,0
ldpose_test/flickr_ipc_53738449073.jpg,0
ldpose_test/flickr_ipc_53738474669.jpg,0
ldpose_test/flickr_ipc_53738586704.jpg,0
ldpose_test/flickr_ipc_53738669195.jpg,2
ldpose_test/flickr_ipc_53738772310.jpg,0
ldpose_test/flickr_ipc_53738772335.jpg,0
ldpose_test/flickr_ipc_53739002396.jpg,2
ldpose_test/flickr_ipc_53739333364.jpg,0
ldpose_test/flickr_ipc_53739415885.jpg,2
ldpose_test/flickr_ipc_53739560944.jpg,2
ldpose_test/flickr_ipc_53740176262.jpg,2
ldpose_test/flickr_ipc_53740176427.jpg,2
ldpose_test/flickr_ipc_53740206032.jpg,2
ldpose_test/flickr_ipc_53741291483.jpg,2
ldpose_test/flickr_ipc_53741291648.jpg,2
ldpose_test/flickr_ipc_53741321148.jpg,2
ldpose_test/flickr_ipc_53741429284.jpg,0
ldpose_test/flickr_ipc_53741430589.jpg,2
ldpose_test/flickr_ipc_53741461554.jpg,2
ldpose_test/flickr_ipc_53741519365.jpg,2
ldpose_test/flickr_ipc_53742629136.jpg,2
ldpose_test/flickr_ipc_53742836370.jpg,0
ldpose_test/flickr_ipc_53742870683.jpg,0
ldpose_test/flickr_ipc_53742956189.jpg,2
ldpose_test/flickr_ipc_53743616640.jpg,0
ldpose_test/flickr_ipc_53743753397.jpg,2
ldpose_test/flickr_ipc_53744404892.jpg,2
ldpose_test/flickr_ipc_53744522207.jpg,2
